title,entity
豆类条蜂缘蝽,my_entity
甘蔗缺素病,my_entity
高粱煤纹病,my_entity
药用植物北沙参黄化病,my_entity
弯刺黑蝽,my_entity
花生黄化病,my_entity
药用植物芦笋茎枯病,my_entity
棉花棉铃灰霉病,my_entity
药用植物肉桂叶枯病,my_entity
粟(谷子)粒黑穗病,my_entity
油菜菜螟,my_entity
药用植物杜仲立枯病,my_entity
黄星蝗,my_entity
药用植物黄连列当,my_entity
烟草猝倒病,my_entity
药用植物菠萝黑腐病,my_entity
桑树桑大象虫(灌县癞象),my_entity
桑树桑白毛虫,my_entity
牛毛毡,my_entity
玉米药害,my_entity
桑树人纹污灯蛾,my_entity
药用植物山莴苣白粉病,my_entity
茶胴枯病,my_entity
甜菜黄褐纤毛象,my_entity
看麦娘,my_entity
花鼠,my_entity
药用植物害虫紫苏粉蚧,my_entity
麦根蝽象,my_entity
药用植物芫荽菌核病,my_entity
药用植物害虫常春藤圆盾蚧,my_entity
药用植物益智轮绞褐斑病,my_entity
茶树茶木蛾,my_entity
荞麦褐斑病,my_entity
大麦云纹病,my_entity
药用植物菊花锈病,my_entity
阿尔泰狗哇花,my_entity
甘薯茎螟,my_entity
药用植物玄参斑枯病,my_entity
高粱紫斑病,my_entity
桑树桑园大青叶蝉,my_entity
甘蔗凤梨病,my_entity
茶树茶细蛾,my_entity
水稻倒伏,my_entity
甘薯茎线虫病,my_entity
药用植物大豆菌核病,my_entity
黑线姬鼠,my_entity
水稻稻切叶螟,my_entity
小麦秆枯病,my_entity
烟草潜叶蛾,my_entity
烟草空胫病,my_entity
宽叶独行菜,my_entity
马铃薯尾孢菌叶斑病,my_entity
大豆纹枯病,my_entity
朱砂叶螨,my_entity
隐纹谷弄蝶,my_entity
马唐和止血马唐,my_entity
药用植物黄连白粉病,my_entity
棉花黄萎病,my_entity
烟草普通花叶病,my_entity
桑树皑粉蚧,my_entity
豌豆根腐瞒,my_entity
油菜菌核病,my_entity
桑椹菌核病,my_entity
药用植物害虫蝼蛄类,my_entity
小麦丛矮病,my_entity
东亚飞蝗,my_entity
桑树云斑天牛,my_entity
眼子菜,my_entity
粟(谷子)红叶病,my_entity
茶网饼病,my_entity
甜菜细菌性斑枯病,my_entity
豌豆象,my_entity
向日葵黄萎病,my_entity
药用植物臭椿白粉病,my_entity
花生白绢病,my_entity
小麦霜霉病,my_entity
药用植物害虫光肩星天牛,my_entity
水稻稻铁甲虫,my_entity
黑麦秆锈病,my_entity
水稻稻褐眼蝶,my_entity
马铃薯块茎蛾,my_entity
药用植物害虫南美斑潜蝇,my_entity
药用植物白芷斑枯病,my_entity
油菜田蚜虫,my_entity
棉花琉璃弧丽金龟,my_entity
天敌,my_entity
药用植物西洋参黑斑病,my_entity
花生根颈腐病,my_entity
茶轮斑病,my_entity
水稻叶黑肿病,my_entity
棉花棉根蚜,my_entity
油菜美洲斑潜蝇,my_entity
茶饼病,my_entity
药用植物丝瓜根结钱虫病,my_entity
野蛞蝓,my_entity
高粱芒蝇,my_entity
药用植物害虫黑足黑守瓜,my_entity
?药用植物玫瑰、月季黑斑病,my_entity
药用植物牛蒡花叶病,my_entity
亚麻、胡麻枯萎病,my_entity
稗草,my_entity
金色狗尾草,my_entity
桑紫纹羽病,my_entity
绿豆象,my_entity
棉花苜蓿盲蝽,my_entity
二条叶甲,my_entity
棉花红(黄)叶枯病,my_entity
马铃薯甲虫,my_entity
水稻纹枯病,my_entity
芝麻褐斑病,my_entity
药用植物害虫枇杷黄毛虫,my_entity
棉花小绿叶蝉,my_entity
华北蝼蛄,my_entity
茶树根癌病,my_entity
高粱低温冷害,my_entity
大豆药害,my_entity
药用植物油松立枯病,my_entity
马铃薯软腐病,my_entity
甘薯麦蛾,my_entity
大麦斑点病,my_entity
水稻青枯病,my_entity
荞麦斑枯病,my_entity
豌豆灰露病,my_entity
药用植物荞麦立枯病,my_entity
高粱坚黑粉病,my_entity
水稻稻秆潜蝇,my_entity
谷婪步甲,my_entity
油菜苹毛丽金龟,my_entity
玉米蚜,my_entity
药用植物贝母灰霉病,my_entity
甘薯小龟甲,my_entity
大地老虎,my_entity
豆类豆灰蝶,my_entity
高粱锈病,my_entity
茶树茶梨蚧,my_entity
药用植物白芍轮斑病,my_entity
高粱柱黑穗病,my_entity
茶树黄刺蛾,my_entity
药用植物板蓝根黑斑病,my_entity
豆类豇豆荚螟,my_entity
茶树茶短须螨,my_entity
圆叶牵牛,my_entity
向日葵花叶病毒病,my_entity
药用植物害虫中华金带蛾,my_entity
白草,my_entity
药用植物柿炭疽病,my_entity
药用植物枸杞灰斑病,my_entity
药用植物害虫蔷薇叶蜂,my_entity
黄鼠,my_entity
白星花金龟,my_entity
小麦雪霉叶枯病,my_entity
甜菜丛根病,my_entity
甘蔗叶萎病,my_entity
药用植物害虫竹节虫,my_entity
茶树紫纹羽病,my_entity
芝麻茎点枯病,my_entity
大青叶蝉,my_entity
药用植物油松(松香)针锈病,my_entity
水稻一柱香病,my_entity
水稻齿矮病,my_entity
茶树蛇眼蚧,my_entity
黍、稷(糜子)丝黑穗病,my_entity
甜菜田黑绒金龟子,my_entity
芝麻青枯病,my_entity
苎麻褐斑病,my_entity
水稻鳃蚯蚓,my_entity
茶树小绿叶蝉,my_entity
药用植物玫瑰、月季白粉病,my_entity
烟草丛枝病,my_entity
玉米变异穗和双色穗,my_entity
药用植物绿豆细菌性疫病,my_entity
玉米丝核菌穗腐病,my_entity
麦长管蚜,my_entity
截形叶蜗和朱砂叶瞒,my_entity
防治方法相同,my_entity
黑麦麦角病,my_entity
粟(谷子)黑粉病,my_entity
大麻白星病,my_entity
蚕豆(BYMV)花叶病,my_entity
玉米苗期立枯丝核茵根腐病,my_entity
亚麻夜蛾(烟草蛾),my_entity
花生烂种,my_entity
木薯花叶病,my_entity
桑树桑螟,my_entity
甘蔗霜霉病,my_entity
茶云纹叶枯病,my_entity
药用植物柑橘(陈皮)黄龙病,my_entity
花生冠腐病,my_entity
水稻黑尾叶蝉,my_entity
药用植物害虫银杏大蚕蛾,my_entity
小麦穗发芽,my_entity
入药部位,my_entity
高粱大斑病,my_entity
甜菜霜霉病,my_entity
东方行军蚁,my_entity
药用植物害虫甜菜夜蛾,my_entity
药用植物菊花花叶病毒病,my_entity
桑白绢病,my_entity
棉花棉小卵象,my_entity
茶树茶枝镰蛾,my_entity
绿豆立枯病,my_entity
茶树茶园桔黄粉虱,my_entity
水稻黄叶病,my_entity
玉米黑束病,my_entity
玉米茎腐病,my_entity
大豆黑痘病,my_entity
药用植物害虫枸杞木虱,my_entity
茶树白蛾蜡蝉,my_entity
黄麻炭疽病,my_entity
桑根结线虫病,my_entity
马铃自癌肿病,my_entity
小麦颖枯病,my_entity
药用植物害虫茴香薄翅野螟,my_entity
麻类苘麻病害,my_entity
?药用植物紫苏锈病,my_entity
花生田端大蓟马,my_entity
药用植物石楠红斑病,my_entity
棉花褐斑病,my_entity
粟凹胫跳甲,my_entity
花生黄花叶病,my_entity
小麦眼斑病,my_entity
小麦蜜穗病,my_entity
棉花焦条丽夜峨,my_entity
甘薯疮痂病,my_entity
玉米种子霉烂和腐霉茵根腐病,my_entity
棉花刺线虫病,my_entity
药用植物吊兰炭疽病,my_entity
大豆茎枯病,my_entity
黄尾球跳甲,my_entity
粟(谷子)墨黑粉病,my_entity
药用植物枣锈病,my_entity
大麻花蚤,my_entity
油菜种蝇,my_entity
甘蔗叶灼病,my_entity
药用植物榕树根结线虫病,my_entity
桑树膏药病,my_entity
桑树桑黄迷萤叶甲,my_entity
亚洲玉米螟,my_entity
玉米线虫病,my_entity
玉米镰刀菌苗枯病,my_entity
大麻跳甲,my_entity
棉花棉小造桥虫,my_entity
水稻稻筒水螟,my_entity
属目,my_entity
玉米空秆,my_entity
小麦卷曲病,my_entity
药用植物南瓜(南瓜子)花叶病毒病,my_entity
草木樨,my_entity
药用植物姜瘟病,my_entity
桑树桑梢小囊虫,my_entity
大豆灰斑病,my_entity
烟草白粉病,my_entity
药用植物穿心莲枯萎病,my_entity
蚕豆象,my_entity
棉花棉黑蚜,my_entity
桑树缺硼症,my_entity
药用植物害虫腐食酪螨,my_entity
玉米粉红聚端孢穗腐病,my_entity
药用植物荠菜病毒病,my_entity
药用植物龙葵轮纹病,my_entity
粟(谷子)苗枯病,my_entity
豌豆炭疽病,my_entity
细胸金针虫,my_entity
南美斑潜蝇(拉美斑潜蝇),my_entity
药用植物西洋参疫病,my_entity
芝麻短额负蝗,my_entity
北京油葫芦,my_entity
药用植物苋白锈病,my_entity
茶树角蜡蚧,my_entity
甘蔗黄锈病,my_entity
白边地老虎,my_entity
苎麻灰疽病,my_entity
药用植物地黄疫病,my_entity
毒麦,my_entity
豆类豆荚野螟,my_entity
茶树茶斑蛾,my_entity
桑树白纹羽网病,my_entity
茶树茶黄硬蓟马,my_entity
烟草黄瓜花叶病,my_entity
药用植物小茴香猝倒病,my_entity
麻天牛,my_entity
大麦条锈病,my_entity
药用植物冬葵菌核病,my_entity
甘薯紫纹羽病,my_entity
桑污叶病,my_entity
小花鬼针草,my_entity
糜子吸浆虫,my_entity
药用植物黄芪白粉病,my_entity
药用植物薄荷霜霉病,my_entity
玉米蛀茎夜娥,my_entity
茶树苏铁褐点盾蚧,my_entity
药用植物害虫椰圆蚧,my_entity
茶树绿盲蝽,my_entity
豆类大豆菜瘿蚊,my_entity
药用植物山茱萸角斑病,my_entity
茶树豆盗毒蛾,my_entity
玉米灰斑病,my_entity
豆类豆田棉铃虫,my_entity
药用植物蒲公英白粉病,my_entity
药用植物稻白叶枯病,my_entity
向日葵锈病,my_entity
豆类豆秆黑潜蝇,my_entity
水稻低温冷害,my_entity
甘蔗病害,my_entity
油菜菜斑潜蝇,my_entity
桑树春尺蠖,my_entity
病原中文名,my_entity
大麦坚黑穗病,my_entity
小麦梭条斑花叶病毒病,my_entity
玉米小斑病T小种穗腐病,my_entity
水稻细菌性褐条病,my_entity
小麦管蓟马,my_entity
黄麻枯腐病,my_entity
桑卷叶枯病,my_entity
药用植物旱芹斑枯病,my_entity
玉米青霉穗腐病,my_entity
玉米异跗萤叶甲,my_entity
药用植物棕榈炭疽病,my_entity
药用植物桃褐斑病,my_entity
桑树桑褐刺蛾,my_entity
药用植物百合叶枯病,my_entity
绿豆细菌性痰病,my_entity
水稻高温热害,my_entity
药用植物害虫斑须蝽,my_entity
豌豆霜霉病,my_entity
水稻黄萎病,my_entity
药用植物害虫山楂叶螨,my_entity
油菜大菜螟,my_entity
棉花中黑盲蝽,my_entity
大豆根结线虫病,my_entity
药用植物害虫短额负蝗,my_entity
小地老虎,my_entity
茶树椰圆蚧,my_entity
水稻叶尖枯病,my_entity
油菜苗期根腐病,my_entity
药用植物苏铁斑点病,my_entity
药用植物慈菇黑粉病,my_entity
棉花棉田烟蓟马,my_entity
药用植物花椒锈病,my_entity
药用植物黄芪根腐病,my_entity
药用植物玉竹曲霉病,my_entity
药用植物山茱萸炭疽病,my_entity
粟秆蝇,my_entity
（牛龙）牛儿苗,my_entity
甘蔗扁角飞虱,my_entity
棉花棉茎木囊蛾,my_entity
甘薯黑痣病,my_entity
水稻直纹稻弄蝶,my_entity
绿翅脊萤叶甲,my_entity
药用植物薄荷白绢病,my_entity
油菜大菜粉蝶,my_entity
?茶树茶天牛,my_entity
油菜八点灰灯蛾,my_entity
药用植物棉花黄萎病,my_entity
亚麻、胡麻炭疽病,my_entity
水稻条纹叶枯病,my_entity
茶树茶牡蛎蚧,my_entity
银川油葫芦,my_entity
蚕豆褐斑病,my_entity
赤拟谷盗,my_entity
玉米斑枯病,my_entity
高粱纹枯病,my_entity
药用植物苘麻子胴枯病,my_entity
药用植物麦冬炭疽病,my_entity
药用植物马齿苋白锈病,my_entity
棉花棉褐带卷娥,my_entity
烟草烟田大灰象甲,my_entity
大麻霜霉病,my_entity
向日葵斑螟,my_entity
?药用植物桔梗轮纹病,my_entity
燕麦坚黑穗病,my_entity
麻田棉小造桥虫,my_entity
药用植物害虫咖啡透翅天蛾,my_entity
桑树舞毒蛾,my_entity
高粱缺素症,my_entity
野生麦,my_entity
小麦倒伏,my_entity
豌豆褐斑病,my_entity
甘薯肖叶甲,my_entity
烟草细菌角斑病,my_entity
花生斑驳病毒病,my_entity
药用植物白芍灰霉病,my_entity
药用植物酸橙溃疡病,my_entity
赤须盲蝽(赤角盲蝽),my_entity
豆类银锭夜蛾,my_entity
茶藻斑病,my_entity
茶树黑粉虱,my_entity
茶煤病,my_entity
大豆霜霉病,my_entity
药用植物害虫六星黑点蠹蛾,my_entity
大麦缺素症,my_entity
药用植物害虫地老虎类,my_entity
桑树桑蛀虫,my_entity
大刺儿菜,my_entity
烟青虫,my_entity
豆类斑背安缘蝽,my_entity
桑树桑蟥,my_entity
大麦叶锈病,my_entity
蚕豆镰刀菌萎蔫病,my_entity
棉花棉蚜,my_entity
甜菜草地螟,my_entity
棉花叶烧病,my_entity
甘薯冻害,my_entity
小麦叶锈病,my_entity
东南大黑鳃金龟,my_entity
豌豆苗核病,my_entity
水稻三化螟,my_entity
警纹地老虎,my_entity
甜菜蛇眼病,my_entity
大豆轮纹病,my_entity
药用植物紫菜莉叶斑病,my_entity
药用植物酸浆(锦灯笼)叶斑病,my_entity
药用植物泡桐根结线虫病,my_entity
玉米丝黑穗病,my_entity
药用植物白花曼陀罗轮纹病,my_entity
花生立枯病和纹枯病,my_entity
茶苗白绢病,my_entity
桑花叶卷叶病,my_entity
茶树木liao尺蠖,my_entity
药用植物长春花变叶病,my_entity
麦茎异跗萤叶甲,my_entity
茶树褐边绿刺蛾,my_entity
麦黑斑潜叶蝇,my_entity
药用植物韭菜灰霉病,my_entity
小麦蓝矮病毒病,my_entity
药用植物量天尺炭疽病,my_entity
禾谷镰刀菌病,my_entity
水稻山稻蝗,my_entity
药用植物番石榴褐斑病,my_entity
药用植物蕹菜猝倒病,my_entity
甘蔗二点螟,my_entity
药用植物害虫胡萝卜微管蚜,my_entity
甘薯田斜纹夜峨,my_entity
绿豆病毒病,my_entity
棉花朱砂叶螨,my_entity
药用植物害虫棉蚜,my_entity
甘蔗栉叩头虫,my_entity
甘蔗蚜,my_entity
药用植物仙人掌炭疽病,my_entity
棉花绿盲蝽,my_entity
反枝苋,my_entity
荞麦叶斑病,my_entity
龙葵,my_entity
玉米假黑粉病,my_entity
麻田蚜虫,my_entity
玉米干腐病,my_entity
甜菜夜蛾,my_entity
小麦白粉病,my_entity
水稻细菌性谷枯病,my_entity
药用植物水仙褐斑病,my_entity
茶树红圆蚧,my_entity
向日葵细菌性叶斑病,my_entity
棉花蒙古灰象甲,my_entity
药用植物害虫榆四脉绵蚜,my_entity
豆类豆秆野螟,my_entity
药用植物曼陀罗黄萎病,my_entity
甘蔗环斑病,my_entity
绿豆叶斑病,my_entity
药用植物害虫大青叶蝉,my_entity
茶树茶二叉蚜,my_entity
玉米霜霉病,my_entity
玉米低温障碍,my_entity
高粱矮花叶病(高粱红条病),my_entity
茶树茶毒蛾(茶毛虫),my_entity
玉米田棉铃虫,my_entity
药用植物害虫山楂长小囊,my_entity
大豆猝倒病和立枯病,my_entity
甘蔗白叶病,my_entity
绿豆白粉病,my_entity
药用植物甘草褐斑病,my_entity
蚕豆油壶菌火肿病,my_entity
水稻褐边螟,my_entity
黍、稷(糜子)根腐病,my_entity
?药用植物芦笋灰霉病,my_entity
药用植物芦荟炭疽病,my_entity
棉花棉田银纹夜蛾,my_entity
玉米大斑病,my_entity
蚕豆立枯病,my_entity
药用植物紫薇白粉病,my_entity
豆类豆芜菁,my_entity
药用植物害虫茄二十八星瓢虫,my_entity
药用植物量天尺枯萎腐烂病,my_entity
棵蛛甲,my_entity
甘蔗条螟,my_entity
黑额光叶甲,my_entity
蓖麻四星尺蛾,my_entity
药用植物药菊花枯萎病,my_entity
黑皮蠹,my_entity
棉花棉田美洲班潜蝇,my_entity
烟草烟蛀茎蛾,my_entity
甜菜根腐病,my_entity
药用植物白芍疫病,my_entity
水稻稻赤斑沫蝉,my_entity
高粱弯孢霉穗腐病,my_entity
药用植物地黄轮纹病,my_entity
玉米弯孢霉菌叶斑病,my_entity
匍枝根霉病,my_entity
桑树桑叶瘿蚊,my_entity
药用植物茶树炭疽病,my_entity
水稻显纹纵卷叶螟,my_entity
麻田酒花秆野螟,my_entity
小麦缺素症,my_entity
桑树桑天牛,my_entity
药用植物葛（粉葛）细菌性叶斑病,my_entity
药用植物浮小麦根腐病,my_entity
绿豆锈病,my_entity
水稻细菌性基腐病,my_entity
散居型飞蝗,my_entity
西北麦蝽,my_entity
药用植物冬珊瑚叶霉病,my_entity
药用植物草木樨白粉病,my_entity
茶树八点广翅蜡蝉,my_entity
马铃薯红周刺座霉干腐病,my_entity
小麦越冬死苗,my_entity
蚕豆赤斑病,my_entity
大麻小食心虫,my_entity
药用植物害虫菊小长管蚜,my_entity
油菜甘蓝夜蛾,my_entity
药用植物马钱轮纹褐斑病,my_entity
药用植物害虫莴苣冬夜蛾,my_entity
药用植物夹竹桃灰斑病,my_entity
油菜萎缩不实症,my_entity
玉米空气污染,my_entity
棉花角斑病,my_entity
棉花根结线虫病,my_entity
马铃薯炭疽病,my_entity
大麦纹枯病,my_entity
豆类肾坑翅夜蛾,my_entity
高粱瘿蚊,my_entity
山楂、野山楂锈病,my_entity
黍红叶病,my_entity
玉米细菌性茎腐病,my_entity
高粱炭腐病,my_entity
棉花翠纹金刚钻,my_entity
棉花三点盲蝽,my_entity
烟草烟盲蝽,my_entity
花生田灰地种蝇,my_entity
药用植物番木瓜褐腐病,my_entity
油菜斜纹夜蛾,my_entity
药用植物苎麻炭疽病,my_entity
豆类点蜂绿蝽,my_entity
烟草烟蓟马,my_entity
大豆耙点病,my_entity
甜菜跳甲,my_entity
粟(谷子)白发病,my_entity
桑细茵性青枯病,my_entity
豆类人纹污灯蛾,my_entity
药用植物害虫韭菜迟眼蕈蚊,my_entity
向日葵菌核病,my_entity
玉米黑粉病,my_entity
药用植物薄荷病毒病,my_entity
药用植物丹参疫病,my_entity
油菜白斑病,my_entity
药用植物荔枝霜疫病,my_entity
药用植物马蔺锈病,my_entity
学名,my_entity
委陵菜,my_entity
药用植物唐菖蒲(标杆花)叶斑病,my_entity
黑缝油菜叶甲,my_entity
水稻霜霉病,my_entity
茶树神泽氏叶螨,my_entity
红麻叶霉病,my_entity
桑树桑根瘿蚊,my_entity
异型莎草,my_entity
棉花神泽氏叶螨,my_entity
高粱散黑穗病,my_entity
药用植物害虫瘤胸材小蠹,my_entity
沟金针虫,my_entity
药用植物害虫玫瑰巾夜蛾,my_entity
豆类豆二条萤叶甲,my_entity
为害部位,my_entity
油菜丽色油菜叶甲,my_entity
甘薯丛枝病,my_entity
律草,my_entity
药用植物菊花霜霉病,my_entity
花生焦斑病,my_entity
玉米色二孢穗腐病,my_entity
水稻稻田棉铃虫,my_entity
绿豆菌核病,my_entity
甘蔗田亚洲玉米螟,my_entity
粟穗螟,my_entity
甘薯灰褐羽蛾,my_entity
棉花棉田大灰象甲,my_entity
大麻霉斑病,my_entity
小香蒲,my_entity
药用植物巴天酸模白霉病,my_entity
药用植物害虫小红蛱蝶,my_entity
水稻稻纵卷叶螟,my_entity
花生田叶螨,my_entity
高粱花黑粉病,my_entity
药用植物啤酒花灰霉病,my_entity
小麦全蚀病,my_entity
药用植物槲寄生和扁枝槲寄生,my_entity
向日葵灰霉病,my_entity
药用植物防风斑枯病,my_entity
美洲斑潜蝇,my_entity
棉花大造桥虫,my_entity
高粱蚜,my_entity
药用植物菊花灰霉病,my_entity
亚麻、胡麻菌核病,my_entity
棉花赤须盲蝽(赤角盲蝽),my_entity
东北大黑鳃金龟,my_entity
药用植物害虫金针虫类,my_entity
玉米炭疽病,my_entity
茶树桑褐刺蛾,my_entity
药用植物玉竹镰刀菌根腐病,my_entity
药用植物艾白粉病,my_entity
白曲霉病,my_entity
药用植物君达菜果脚病,my_entity
甘蔗黑色蔗龟,my_entity
?药用植物山药红斑病,my_entity
大麦白粉病,my_entity
小麦壳针孢叶枯病,my_entity
马铃薯二十八星瓢虫,my_entity
鸭跖草,my_entity
豆类豆突眼长蝽,my_entity
药用植物害虫菊天牛,my_entity
花生疮痂病,my_entity
药用植物害虫金龟子(蛴螬)类,my_entity
水稻长绿飞虱,my_entity
黑麦秆蝇,my_entity
草酸青霉病,my_entity
药用植物藜霜霉病,my_entity
桑树氟化物中毒,my_entity
大豆褐斑病(斑枯病),my_entity
大豆菌核病,my_entity
马铃薯干腐病,my_entity
棉花枯萎病,my_entity
棉花鼎点金刚钻,my_entity
玉米盐酸害,my_entity
木薯炭疽病,my_entity
药用植物害虫中华虎凤蝶,my_entity
药用植物杏疔病,my_entity
棉花白霉病,my_entity
油葫芦,my_entity
粟(谷子)细茵性褐斑条纹病,my_entity
粟(谷子)纹枯病,my_entity
药用植物木瓜锈病,my_entity
水稻稻棘缘蝽,my_entity
甘蔗黑翅土白蚁,my_entity
水稻大稻缘蝽,my_entity
药用植物害虫马尾松毛虫,my_entity
棉花弧丽金龟,my_entity
药用植物害虫菊潜叶蝇,my_entity
桑黄化型萎缩病,my_entity
药用植物小蓟灰斑病,my_entity
红蓼(水红花子)褐斑病,my_entity
桑树桑纽蚧,my_entity
甘蔗长蝽,my_entity
桑褐斑病,my_entity
甘薯绮夜娥,my_entity
药用植物核桃枝枯病,my_entity
玉米细菌萎蔫病,my_entity
药用植物苍耳霜霉病,my_entity
小麦秆黑粉病,my_entity
豌豆白粉病,my_entity
狗尾草,my_entity
蛴螬,my_entity
药用植物亚麻枯萎病,my_entity
水稻稻水象甲,my_entity
黍、稷(糜子)灰斑病,my_entity
棉花棉田地老虎,my_entity
高粱北方炭疽病,my_entity
杂粮田粘虫,my_entity
五趾跳鼠,my_entity
甜菜潜叶蝇,my_entity
玉米轮纹斑病,my_entity
苎麻天牛,my_entity
小麦吸浆虫,my_entity
药用植物害虫枣尺蠖,my_entity
油菜黑龙江简喙象,my_entity
茶树茶叶瘿螨,my_entity
茶树白囊蓑蛾,my_entity
桑花叶病,my_entity
水稻胡麻斑病,my_entity
水稻稻苗疫病,my_entity
苘麻(青麻)胴枯病,my_entity
药用植物北沙参黑斑病,my_entity
油菜冻害,my_entity
亚麻、胡麻立枯病,my_entity
甜菜田甘蓝夜娥,my_entity
桑树枣尺蠖,my_entity
甘蔗虎斑病,my_entity
水稻禾蓟马,my_entity
棉花棉蝗,my_entity
甜菜藜夜蛾,my_entity
蚕豆(BBWV)萎蔫病毒病,my_entity
小麦链格孢叶枯病,my_entity
桑树桑木虱,my_entity
药用植物害虫茸毒蛾,my_entity
小飞蓬,my_entity
水稻白背飞虱,my_entity
甜菜缺素症,my_entity
芝麻变叶病,my_entity
玉米纹枯病,my_entity
棉花中华弧丽金龟,my_entity
黄曲霉病,my_entity
茶树黑刺粉虱,my_entity
药用植物害虫豆荚斑螟,my_entity
啤酒花病害,my_entity
小麦土传花叶病毒病,my_entity
桑树稀点雪灯蛾,my_entity
茶树云尺蠖,my_entity
药用植物山药炭疽病,my_entity
小麦雪腐病,my_entity
药用植物害虫种蝇类,my_entity
油菜菜粉蝶,my_entity
药用植物白花曼陀罗灰斑病,my_entity
桑树拟菱纹叶蝉,my_entity
小麦腥黑穗病和矮腥黑穗病,my_entity
烟实夜蛾,my_entity
黄麻根结线虫病,my_entity
?药用植物莳萝立枯病,my_entity
麦田棉铃虫,my_entity
药用植物白扁豆炭疽病,my_entity
棉花棉田柳毒蛾,my_entity
甘薯枯萎病,my_entity
毛胫夜娥,my_entity
药用植物当归麻口病,my_entity
棉花棉铃疫病,my_entity
药用植物薄荷白粉病,my_entity
小麦条锈病,my_entity
甘薯全翅羽蛾,my_entity
小麦旺长,my_entity
大豆赤霉病,my_entity
水稻细菌性褐斑病,my_entity
芝麻枯萎病,my_entity
烟草赤星病,my_entity
高粱霜霉病,my_entity
大豆细菌性斑点病,my_entity
烟草烟蚜(桃蚜),my_entity
油菜肥害,my_entity
桑灰霉病,my_entity
烟草气候班病,my_entity
马铃薯白绢病,my_entity
玉米褐斑病,my_entity
小麦红矮病毒病,my_entity
高粱立枯病,my_entity
小麦叶蝉,my_entity
蚕豆白粉病,my_entity
独行菜,my_entity
药用植物三七根结线虫病,my_entity
红绿灯峨,my_entity
甘蔗翼翅丽金龟,my_entity
玉米细菌性条纹病,my_entity
药用植物车前草白粉病,my_entity
?药用植物药菊花斑枯病,my_entity
油菜黄狭条跳甲,my_entity
药用植物鸭儿芹锈病,my_entity
马铃薯早疫病,my_entity
黍、稷(糜子)立枯病,my_entity
油菜白粉病,my_entity
油菜东方粉蝶,my_entity
茶枝黑痣病,my_entity
茶白星病,my_entity
亚麻、胡麻锈病,my_entity
药用植物害虫十四点负泥甲,my_entity
药用植物害虫棉铃虫,my_entity
黍、稷(糜子)斑点病,my_entity
烟草缺素症,my_entity
药用植物害虫黄刺蛾,my_entity
玉米枝孢穗腐病,my_entity
桑树桑褶翅尺蠖,my_entity
大麻白斑病,my_entity
甘蔗绵蚜,my_entity
药用植物功效,my_entity
药用植物香草兰茎腐病(枯萎病),my_entity
茶树茶蚕,my_entity
异名,my_entity
?药用植物山药斑纹病,my_entity
豆类大豆蚜,my_entity
油菜番茄斑潜蝇,my_entity
茶树茶卷叶蛾,my_entity
甘薯根腐病,my_entity
豆类油葫芦,my_entity
豆小卷叶蛾,my_entity
鸭舌草,my_entity
花生叶斑病,my_entity
玉米田禾蓟马和稻简管蓟马,my_entity
茶树炭疽病,my_entity
玉米秃尖,my_entity
黄麻褐斑病,my_entity
麻田叶螨,my_entity
高粱黑束病,my_entity
药用植物天南星花叶病毒病,my_entity
烟草枯萎病,my_entity
蚕豆轮纹病,my_entity
甘薯蜡龟甲指名亚种,my_entity
大豆细菌斑疹病,my_entity
水稻田蚜虫,my_entity
油菜南美斑潜蝇,my_entity
药用植物红花锈病,my_entity
芝麻细菌性角斑病,my_entity
大谷盗,my_entity
玉米粗缩病,my_entity
蚕豆根腐病和茎基腐病,my_entity
药用植物害虫柑桔凤蝶,my_entity
芝麻白粉病,my_entity
分布区域,my_entity
小麦冻害,my_entity
达乌尔鼠兔,my_entity
药用植物害虫星天牛,my_entity
马铃薯（疫霉菌）烂窖,my_entity
茶圆赤星病,my_entity
?药用植物贝母鳞茎腐烂病,my_entity
烟草剑叶病,my_entity
棉花棉田亚洲玉米螟,my_entity
寄主,my_entity
棉花棉双斜卷娥,my_entity
玉米赤霉病,my_entity
小麦糜疯病,my_entity
茶树茶叶白毒娥,my_entity
油菜云斑粉蝶,my_entity
药用植物桑细菌性青枯病,my_entity
药用植物鸢尾褐斑病,my_entity
桑树桑尺蠖,my_entity
甜菜斑蝇,my_entity
烟草立枯病,my_entity
网目拟地甲,my_entity
玉米圆斑病,my_entity
十四点负泥甲,my_entity
芝麻荚野螟,my_entity
大豆缺素症,my_entity
甜菜苗腐病,my_entity
油菜横纹菜蝽,my_entity
桑树桑园大蓑娥,my_entity
药用植物牡丹(牡丹皮)疫病,my_entity
大豆锈病,my_entity
旋覆花,my_entity
桑萎缩型萎缩病,my_entity
药用植物石榴干腐病,my_entity
小麦炭疽病,my_entity
水稻东格鲁病毒病,my_entity
大豆羞萎病,my_entity
桑树黄星天牛,my_entity
亚麻、胡麻假黑斑病,my_entity
粟(谷子)黑鞘病,my_entity
水稻黑条矮缩病,my_entity
茶树假眼小绿叶蝉,my_entity
水稻稻负泥甲,my_entity
小麦(镰刀菌)根腐病,my_entity
甜菜立枯病,my_entity
啤酒花灰霉病,my_entity
药用植物梅疮痂病,my_entity
柳蓝叶甲,my_entity
玉米红叶病,my_entity
药用植物酸模白霉病,my_entity
油菜病毒病,my_entity
玉米雌雄花期不协调,my_entity
药用植物番红花腐烂病,my_entity
药用植物害虫梨小食心虫,my_entity
棉花铃软腐病,my_entity
药用植物槟榔炭疽病,my_entity
日本蛛甲,my_entity
棉花棉红铃虫,my_entity
麦种蝇,my_entity
水稻营养障碍,my_entity
病原属性,my_entity
药用植物枇杷炭疽病,my_entity
药用植物薄荷锈病,my_entity
药用植物害虫黄凤蝶,my_entity
水稻花蓟马,my_entity
田旋花,my_entity
药用植物红花炭疽病,my_entity
小麦灰霉病,my_entity
水稻紫鞘病,my_entity
茶苗根结线虫病,my_entity
水稻福寿螺,my_entity
茶树茶棍蓟马,my_entity
豆类豆根蛇潜蝇,my_entity
甘薯时斑病,my_entity
玉米缺素症,my_entity
药用植物菰瘟病,my_entity
豌豆彩潜蝇,my_entity
粟纵卷叶螟,my_entity
豆类豆蚀叶野螟,my_entity
马铃薯疮痂病,my_entity
双班长朋萤叶甲,my_entity
秀夜蛾,my_entity
亚麻、胡麻斑点病,my_entity
药用植物害虫菜粉蝶,my_entity
花生网斑病,my_entity
马铃薯枯萎病,my_entity
药用植物百合白绢病,my_entity
大豆茎黑点病,my_entity
油菜黑斑病,my_entity
小麦赤霉病,my_entity
豆类红背安缘蝽,my_entity
药用植物高梁黑穗病(高梁乌米),my_entity
锯谷盗,my_entity
棉花截形叶螨,my_entity
玉米链格孢菌叶枯病,my_entity
茶树油桐尺蠖,my_entity
药用植物菠萝灰斑病,my_entity
水稻稻瘟病,my_entity
药用植物菊花根癌病,my_entity
油菜黑纹粉蝶,my_entity
药用植物害虫小绿叶蝉,my_entity
玉米镰刀菌穗粒腐病,my_entity
印度谷螟,my_entity
蚕豆核盘菌茎腐病,my_entity
药用植物枸杞霉斑病,my_entity
药用植物莲褐纹病,my_entity
药用植物百合病毒病,my_entity
马铃薯根腐线虫病,my_entity
黑曲霉病,my_entity
油菜大猿叶虫,my_entity
烟草烟田野蛞蝓,my_entity
茶树茶材小囊,my_entity
豆类葡萄长须卷蛾,my_entity
烟草蚀纹病毒病,my_entity
豆类黑点银纹夜蛾,my_entity
燕麦叶斑病,my_entity
麻田棉叶蝉,my_entity
棉花棉铃红腐病,my_entity
茶树茶蛾蜡蝉,my_entity
曼陀罗,my_entity
非洲大蜗牛,my_entity
药用植物害虫枸杞实蝇,my_entity
小麦干热风害,my_entity
桑细茵性疫病,my_entity
茄无网蚜,my_entity
大麦条纹病,my_entity
蓖麻田美洲斑潜蝇,my_entity
花生蚀叶野螟,my_entity
麻小红蛱蝶,my_entity
豌豆黑斑病,my_entity
药用植物车前草霜霉病,my_entity
药用植物芭蕉炭疽病,my_entity
马铃薯黑胫病,my_entity
药用植物害虫咖啡木蠹娥,my_entity
四叶萍,my_entity
?药用植物兰草(兰花)炭疽病,my_entity
高粱长蝽象,my_entity
米扁虫,my_entity
桑树堆砂蛀,my_entity
药用植物害虫角蜡蚧,my_entity
谷子负泥甲,my_entity
马铃薯环腐病,my_entity
燕麦炭疽病,my_entity
桑树桑虱,my_entity
花生田假眼小绿叶蝉和小绿叶蝉,my_entity
花生锈病,my_entity
茶树茶褐蓑蛾,my_entity
药用植物川芎根腐病,my_entity
花生褐斑病,my_entity
高粱细菌性条纹病,my_entity
油菜肖藜泉蝇,my_entity
豌豆花叶病,my_entity
?药用植物桂花炭疽病,my_entity
大豆镰刀菌根腐病,my_entity
小麦黄矮病毒病,my_entity
茶树绿鳞象甲,my_entity
玉米矮花叶病毒病,my_entity
水稻菌核秆腐病,my_entity
咖啡豆象,my_entity
粘虫,my_entity
药用植物荸荠秆枯病,my_entity
玉米(大孢指疫霉)疯顶病,my_entity
水稻根结线虫病,my_entity
牛筋草,my_entity
茶树茶奕刺蛾,my_entity
药用植物害虫红蜡蚧,my_entity
药用植物枸杞炭疽病,my_entity
甜菜螟,my_entity
桑树桑野蚕,my_entity
茶树病害,my_entity
麦蜘蛛,my_entity
药用植物天南星炭疽病,my_entity
向日葵列当,my_entity
麻田豆秆野螟,my_entity
粟(谷子)条点病,my_entity
高梁豹纹病,my_entity
豌豆枯萎病,my_entity
油菜软腐病,my_entity
水稻窄条斑病,my_entity
桑树桑伪棍蓟马,my_entity
药用植物小茴香枯萎病,my_entity
桑里白粉病,my_entity
烟草曲叶病毒病,my_entity
水稻细菌性条斑病,my_entity
玉米条纹矮缩病,my_entity
药用植物害虫木liao尺蠖,my_entity
芝麻天蛾,my_entity
药用植物亚麻立枯病,my_entity
种蝇,my_entity
燕麦锈病,my_entity
甘薯软腐病,my_entity
大豆叶斑病,my_entity
桑树桑蓑蛾,my_entity
烟草野火病,my_entity
棉花棉二点红蝽,my_entity
水稻白翅叶蝉,my_entity
马铃薯早死病,my_entity
甜菜黄化病毒病,my_entity
向日葵褐斑病,my_entity
草地螟,my_entity
甘蔗黑穗病,my_entity
玉米黄呆蓟马,my_entity
药用植物菊芋锈病,my_entity
药用植物害虫绿尾大蚕蛾,my_entity
茶树台湾黄毒蛾,my_entity
油菜豌豆彩潜蝇,my_entity
马铃薯立枯丝核菌病,my_entity
药用植物害虫紫苏野螟,my_entity
碎米莎草,my_entity
马铃薯青枯病,my_entity
麻田扁刺蛾,my_entity
莴苣白粉病,my_entity
菟丝子为害马铃薯,my_entity
粟(谷子)青枯病,my_entity
桑树蒙古土象,my_entity
大米粉红聚端孢病,my_entity
药用植物害虫油葫芦类,my_entity
油菜炭疽病,my_entity
?长沙土鼠,my_entity
黄斑长跗萤叶甲,my_entity
黍、稷(糜子)霉点病,my_entity
桑树桑盾蚧,my_entity
谷斑皮囊,my_entity
桑拟干枯病,my_entity
水稻稻螟蚜,my_entity
水稻稻白粉虱,my_entity
药用植物害虫菊花瘿蚊,my_entity
生长地,my_entity
药用植物百合生理性萎蔫病,my_entity
药用植物害虫榆黄金花虫,my_entity
高粱细菌性斑点病,my_entity
棉花棉苗立枯病,my_entity
水稻叶鞘腐败病,my_entity
豆蚜,my_entity
向日葵白粉病,my_entity
麻田黄刺蛾,my_entity
细叶益母草,my_entity
芝麻轮纹病,my_entity
豆类大豆毒蛾,my_entity
豌豆基腐病,my_entity
棉花棉尖象,my_entity
水稻烂秧病,my_entity
小麦蠕孢叶斑根腐病,my_entity
水稻赤枯病,my_entity
甜菜黄草地螟,my_entity
马铃薯粉痴病,my_entity
白脉粘虫,my_entity
药用植物栀子孢绿病,my_entity
蚕豆疫病,my_entity
大家鼠,my_entity
油菜白星花金龟,my_entity
甘薯病毒病,my_entity
豌豆黄顶病,my_entity
水稻长肩棘缘蝽和短肩棘缘蝽,my_entity
药用植物党参菌核病,my_entity
高粱紫轮病,my_entity
药用植物水仙基腐病,my_entity
药用植物佩兰白绢病,my_entity
茶树扁刺蛾,my_entity
药用植物万寿菊花腐病,my_entity
药用植物害虫褐天牛,my_entity
药用植物延胡索(元胡)霜霉病,my_entity
药用植物害虫侧多食跗线螨,my_entity
药用植物害虫仙人掌白盾蛤,my_entity
黄宽条菜跳甲,my_entity
棉花粉绞夜娥,my_entity
粟(谷子)疽病,my_entity
甜菜(匍柄霉)叶斑病,my_entity
药用植物玉米大斑病,my_entity
花生青枯病,my_entity
药用植物牡丹(牡丹皮)根腐病,my_entity
药用植物蓖麻黑斑病,my_entity
高粱黑葱花霉根腐病,my_entity
大麻秆腐病,my_entity
荞麦立枯病,my_entity
桑树凹缘菱纹叶蝉,my_entity
?茶树茶红螨,my_entity
油菜小猿叶虫,my_entity
凹胫跳甲,my_entity
烟草黑胫病,my_entity
小麦秆锈病,my_entity
药用植物猕猴桃轮斑病,my_entity
桑树桑虎天牛,my_entity
棉花棉苗红腐病,my_entity
烟草甲,my_entity
麻田金龟子(蛴螬),my_entity
油菜缺素症,my_entity
黄胸鼠,my_entity
药用植物害虫红棕灰夜蛾,my_entity
棉花大蓑娥,my_entity
药用植物害虫诃子瘤蛾,my_entity
油菜巴楚菜蝽,my_entity
早熟禾,my_entity
花生缺素症,my_entity
药用植物藜灰斑病,my_entity
蓖麻斑点病,my_entity
桑树蓝尾迷萤叶甲,my_entity
燕麦细菌性条斑病,my_entity
油菜茎象甲,my_entity
红麻根结线虫病,my_entity
大豆顶枯病,my_entity
药用植物西番莲茎腐病,my_entity
麦穗夜峨,my_entity
小麦黄斑叶枯病,my_entity
药用植物马铃薯炭疽病,my_entity
药用植物绿豆叶斑病,my_entity
药用植物害虫斜纹夜娥,my_entity
药用植物山茶花灰霉病,my_entity
药用植物萱草炭疽病,my_entity
桑炭疽病,my_entity
药用植物猕猴桃叶斑病,my_entity
短额负蝗,my_entity
向日葵黑斑病,my_entity
大蒜紫斑病,my_entity
药用植物害虫西瓜虫(鼠妇),my_entity
蓖麻黑斑病,my_entity
虎尾草,my_entity
药用植物葫芦果斑病,my_entity
山苦荬,my_entity
玉米平脐蠕孢茎基腐病,my_entity
油菜黑腐病,my_entity
药用植物山药镰孢褐腐病,my_entity
高粱炭疽病,my_entity
水稻稻象甲,my_entity
药用植物害虫花蓟马,my_entity
条螟,my_entity
苎麻花叶病,my_entity
甘蔗白螟,my_entity
药用植物三七(田七)炭疽病,my_entity
桑树桑国绿盲蝽,my_entity
腐食酪螨,my_entity
药用植物牛蒡细菌叶斑病,my_entity
燕麦红叶病,my_entity
药用植物害虫梨花网蝽,my_entity
药用植物害虫吹绵蚧,my_entity
棉花土耳其斯坦叶螨,my_entity
高粱链格孢叶斑病,my_entity
粟(谷子)锈病,my_entity
甜菜大龟甲,my_entity
药用植物稠李红点病,my_entity
药用植物芦竹锈病,my_entity
马铃薯小叶病,my_entity
豆类豆叶东潜蝇,my_entity
鳢肠,my_entity
药用植物害虫枸杞蚜虫,my_entity
桑树桑叶蝉,my_entity
药用植物狗尾草叶斑病,my_entity
茶树长白盾蚧,my_entity
玉米叶斑病,my_entity
茶树冻害,my_entity
玉米象,my_entity
药用植物害虫绿盲蝽,my_entity
刺儿菜,my_entity
烟草胞囊线虫病,my_entity
烟草霜霉病,my_entity
水稻稻黑蝽,my_entity
药用植物珍珠梅褐斑病,my_entity
麦茎蜂,my_entity
药用植物害虫榆毒蛾,my_entity
棉花棉叶蝉,my_entity
玉米叶鞘紫班病,my_entity
小麦黑节病,my_entity
高粱苗枯病,my_entity
防治药物,my_entity
药用植物害虫桃蚜,my_entity
水稻稻褐飞虱,my_entity
芝麻立枯病,my_entity
油菜甜菜夜蛾,my_entity
烟草蛙眼病,my_entity
红麻炭疽病,my_entity
豆类豆田斜纹夜峨,my_entity
大豆胞囊线虫病,my_entity
药用植物害虫黄栀子灰蝶,my_entity
马铃薯晚疫病,my_entity
药用植物杨梅癌肿病,my_entity
水稻电光叶蝉,my_entity
麻田亚洲玉米螟,my_entity
绿豆轮纹病,my_entity
药用植物凤仙花白粉病,my_entity
药用植物害虫豆秆果潜蝇,my_entity
药用植物槐树白粉病,my_entity
桑树美国白峨,my_entity
桑树桑吸浆虫(桑瘿蚊),my_entity
药用植物害虫绣线菊蚜,my_entity
茶树矢尖蚧,my_entity
苍耳,my_entity
甘蔗赤腐病,my_entity
油菜白锈病,my_entity
药用植物金银花(忍冬）白粉病,my_entity
花生条纹病毒病,my_entity
烟草环斑病毒病,my_entity
药用植物白芍叶霉病,my_entity
水稻周斑水虹,my_entity
茶树芽枯病,my_entity
水稻矮缩病,my_entity
黄麻黑点炭疽病,my_entity
麦二叉蚜,my_entity
棉花棉大卷叶螟,my_entity
药用植物害虫枸杞负泥虫,my_entity
茶树茶角胸叶甲,my_entity
药用植物藜叶斑病,my_entity
大豆紫斑病,my_entity
小麦白秆病,my_entity
水稻干尖线虫病,my_entity
马铃薯灰霉病,my_entity
甘薯白羽蛾,my_entity
药用植物栝楼、瓜萎白粉病,my_entity
桃蛀螟,my_entity
药用植物牛蒡白粉病,my_entity
水稻稻瘿蚊,my_entity
药用植物牛蒡黑斑病,my_entity
猪毛菜,my_entity
药用植物蜀葵灰斑病,my_entity
棉花药害,my_entity
药用植物佛手菌核病,my_entity
水稻长腿水叶甲,my_entity
棉花棉田花蓟马,my_entity
茶红锈藻病,my_entity
?药用植物田旋花白粉病,my_entity
亮蓟马(黄蓟马),my_entity
木薯细菌性枯萎病,my_entity
豆类丝大蓟马,my_entity
粟(谷子)灰斑病,my_entity
粟(谷子)粒线虫病,my_entity
药用植物款冬白绢病,my_entity
药用莱菔花叶病毒病,my_entity
紫斑谷螟,my_entity
油菜高温障碍,my_entity
烟草低头黑病,my_entity
玉米高温干旱,my_entity
芝麻田烟盲蝽,my_entity
药用植物三七(田七)镰刀菌根腐病,my_entity
烟草青枯病,my_entity
台湾黄霉娥,my_entity
棉花棉铃黑果病,my_entity
桑树红棕灰夜蛾,my_entity
烟草菌核病,my_entity
玉米叶夜蛾(甜菜夜蛾),my_entity
马铃薯病毒病,my_entity
小麦粒瘿线虫病,my_entity
水稻恶苗病,my_entity
油菜立枯病,my_entity
大豆枯萎病,my_entity
大麦细菌条斑病,my_entity
花生根腐病,my_entity
子午沙鼠,my_entity
茶褐色叶斑病,my_entity
油菜西瓜虫,my_entity
甜菜象甲,my_entity
粟(谷子)细菌性条斑病,my_entity
豆类筛豆龟蝽,my_entity
水稻稻金翅夜蛾,my_entity
绵毛酸模叶蓼,my_entity
水稻灰飞虱,my_entity
粟缘蝽,my_entity
苎麻黄蛱蝶,my_entity
粟麦蛾,my_entity
棉花红粉病,my_entity
药用植物胡椒镰刀菌枯萎病,my_entity
高粱细菌性红条病,my_entity
药用植物烟草黑胫病,my_entity
黄麻夜蛾,my_entity
油菜菜娥,my_entity
酸模叶蓼,my_entity
桑树桑叶螨,my_entity
桑树芽枯病,my_entity
茶树茶芽瘿蚊,my_entity
玉米涝害,my_entity
高粱镶刀菌穗腐病,my_entity
药用植物害虫葱蓟马,my_entity
药用植物菊花叶斑病,my_entity
烟草黑斑病,my_entity
茶赤叶斑病,my_entity
药用植物山药镰刀茵枯萎病,my_entity
大粟鳃金龟,my_entity
芝麻红色根腐病,my_entity
药用植物害虫银纹夜蛾,my_entity
药用植物害虫红花实蝇,my_entity
水稻二化螟,my_entity
燕麦胞囊线虫病,my_entity
豌豆细菌性叶斑病,my_entity
水稻稻绿蝽,my_entity
芝麻叶枯病,my_entity
芝麻田棉铃虫,my_entity
水稻白叶枯病,my_entity
油菜菟丝子为害油菜,my_entity
药用植物山药斑枯病,my_entity
棉花大青叶蝉,my_entity
播娘篙,my_entity
豆类大豆食心虫,my_entity
高粱育霉颖枯病,my_entity
向日葵白星花金龟,my_entity
蚕豆(BBSV)染色病毒病,my_entity
茶树茶黑毒蛾,my_entity
石竹,my_entity
玉米眼斑病,my_entity
芝麻叶斑病,my_entity
药用植物油茶煤污病,my_entity
药用植物害虫豌豆彩潜蝇,my_entity
水稻中华稻蝗,my_entity
玉米白化苗和黄绿苗,my_entity
荞麦白霉病,my_entity
药用植物向日葵霜霉病,my_entity
棉花烟粉虱,my_entity
马铃薯缺素症,my_entity
药用植物女贞叶斑病,my_entity
油菜银纹夜蛾,my_entity
棉花二斑叶螨,my_entity
甘蔗黄螟,my_entity
油菜(瓜果腐霉)猝倒病,my_entity
茶树茶小卷叶蛾,my_entity
棉花轮纹病,my_entity
烟草白绢病,my_entity
?茶树茶橙瘿螨,my_entity
药用植物峨眉蔷薇白粉病,my_entity
豚草,my_entity
蚕豆锈病,my_entity
药用植物西番莲黑斑病,my_entity
芝麻疫病,my_entity
油菜黄曲条跳甲和土库曼跳甲,my_entity
麦蛾,my_entity
灰飞虱,my_entity
小麦禾谷胞囊线虫病,my_entity
桑树桑毛虫,my_entity
甘蔗灰粉蚧,my_entity
药用植物榆树炭疽病,my_entity
豆类双斑萤叶甲,my_entity
大豆炭疽病,my_entity
小麦细菌性条斑病,my_entity
药用植物害虫罗宾根蜗(刺足根蜗),my_entity
油菜东方油菜叶甲,my_entity
茄二十八星瓢虫,my_entity
麻田苜蓿夜蛾,my_entity
茶树侧多食跗线螨,my_entity
药用植物三七叶腐病,my_entity
桑树桑园黑绒金龟和铜绿金龟,my_entity
雨久花,my_entity
高粱舟娥,my_entity
麦秆蝇,my_entity
茶树茶园金龟甲,my_entity
烟草烟田斑须蝽,my_entity
双斑大蟋,my_entity
药用植物苦菜锈病,my_entity
?药用植物芦笋茎腐病,my_entity
大麦网斑病,my_entity
大豆荚枯病,my_entity
水稻芋蝗,my_entity
水稻台湾稻螟,my_entity
芝麻田甜菜夜蛾,my_entity
扁秆草,my_entity
甘薯蚁象甲,my_entity
油菜蚤跳甲,my_entity
药用植物补骨脂变叶病,my_entity
玉米穗发芽,my_entity
药用植物菱角白绢病,my_entity
棉花棉苗炭疽病,my_entity
药用植物百合叶尖干枯病,my_entity
小麦湿害,my_entity
棉花棉田黄蓟马,my_entity
甘蔗黄斑病,my_entity
豌豆锈病,my_entity
欧洲玉米螟,my_entity
烟草根黑腐病,my_entity
小白纹毒蛾,my_entity
桑树桑园黄卷叶蛾,my_entity
苎麻角斑病,my_entity
小麦黑颖病,my_entity
甜菜肖藜泉蝇,my_entity
药用植物菟丝子为害藜,my_entity
药用植物害虫番茄斑潜蝇,my_entity
粟灰螟,my_entity
药用植物桃南瓜(金瓜)曲霉病,my_entity
芝麻黄花叶病,my_entity
药用植物害虫红花指管蚜,my_entity
芝麻黑斑病,my_entity
棉花棉田甜菜夜娥,my_entity
亚麻、胡麻白粉病,my_entity
药用植物薄荷斑枯病,my_entity
苘麻,my_entity
高粱顶腐病,my_entity
条沙叶蝉,my_entity
药用菊花白粉病,my_entity
茶树地衣和苔藓,my_entity
水稻稻粒黑粉病,my_entity
药用植物黄柏、黄皮树褐斑病,my_entity
大麦黄花叶病,my_entity
粟(谷子)缺素症,my_entity
药用植物麦角,my_entity
高粱球腔菌叶斑病,my_entity
水稻谷枯病,my_entity
甜菜白粉病,my_entity
药用植物肉豆蔻穿孔病,my_entity
车前,my_entity
油菜菜叶蜂,my_entity
棉花棉铃曲霉病,my_entity
棉花花叶病毒病,my_entity
大仓鼠,my_entity
玉米锈病,my_entity
玉米铁甲,my_entity
药用植物落葵紫斑病,my_entity
药用植物魔芋白绢病,my_entity
药用植物害虫野蛹蝓和同型巴蜗牛,my_entity
甘蔗台湾蝼蛄,my_entity
药用植物杜鹃饼病,my_entity
药用植物莴苣小核盘菌软腐病,my_entity
药用植物害虫柑桔全爪螨,my_entity
药用植物牡丹(牡丹皮)白粉病,my_entity
桑树桑象甲,my_entity
花生蚜,my_entity
甘薯跳盲蝽,my_entity
榆四脉绵蚜(高粱根蚜),my_entity
豆荚斑螟,my_entity
药用植物害虫豆灰蝶,my_entity
桑树桑粉虱,my_entity
马铃薯茎线虫病,my_entity
棉花同型巴蜗牛,my_entity
马铃薯金线虫病,my_entity
小麦混杂退化,my_entity
燕麦叶枯病,my_entity
烟草烟粉虱,my_entity
药用植物害虫大螟,my_entity
蚕豆茎疫病,my_entity
病原学名,my_entity
药用植物银杏褐斑病,my_entity
甘薯黑疤病,my_entity
甘蔗眼斑病,my_entity
药用向日葵列当,my_entity
向日葵细菌性茎腐病,my_entity
白昌灯峨,my_entity
水稻稻巢螟,my_entity
茶树缺素症,my_entity
属科,my_entity
甘蔗梢腐病,my_entity
药用植物害虫棉小造桥虫,my_entity
豆类焰夜蛾,my_entity
花生炭疽病,my_entity
高粱叶点病,my_entity
药用植物姜眼斑病,my_entity
水稻菲岛毛眼水蝇,my_entity
小麦纹枯病,my_entity
棉花棉茎枯病,my_entity
芝麻鬼脸天蛾,my_entity
玉米遗传性条纹,my_entity
稀点昌灯峨,my_entity
截形叶螨,my_entity
药用植物太子参花叶病,my_entity
棉花棉铃虫,my_entity
油菜萝卜地种蝇,my_entity
茶树双线盗毒蛾,my_entity
龟背天牛,my_entity
水稻大绿蝽,my_entity
棉花棉田斜纹夜蛾,my_entity
药用植物佛手炭疽病,my_entity
药用植物泡桐丛枝病,my_entity
褐纹金针虫,my_entity
水稻叶鞘网斑病,my_entity
玉米小斑病,my_entity
药用植物薏苡黑穗病,my_entity
高粱花叶病,my_entity
药用植物山药薯蓣色链隔孢褐斑病,my_entity
马铃薯鳃金龟(东亚亚种),my_entity
荞麦黑斑病,my_entity
高粱丝黑穗病,my_entity
药用植物枣疯病,my_entity
水稻稻直鬃蓟马(稻蓟马),my_entity
麦茎谷峨,my_entity
花生丝枝病,my_entity
黍蚜,my_entity
芦苇,my_entity
茶树肾毒蛾,my_entity
药用植物害虫草地螟,my_entity
药用植物万年青炭疽病,my_entity
高梁穗隐斑螟,my_entity
米象,my_entity
水稻稻水螟,my_entity
药用植物小茴香灰斑病,my_entity
桑树桑园斜纹夜蛾,my_entity
谷鳞斑叶甲,my_entity
麦双尾蚜,my_entity
药用植物龙眼、荔枝鬼帚病,my_entity
茶树丽绿刺蛾,my_entity
荞麦钩翅娥,my_entity
药用植物百合疫病,my_entity
甘薯肖叶甲指名亚种(麦颈叶甲),my_entity
麦田斑须蝽,my_entity
药用植物西瓜(西瓜翠)疫病,my_entity
茶树大蓑蛾,my_entity
黄地老虎,my_entity
茶树日本蜡蚧,my_entity
药用植物害虫大蓑蛾,my_entity
药用植物牡丹(牡丹皮)灰霉病,my_entity
药用植物薄荷灰斑病,my_entity
玉米倒伏,my_entity
别名,my_entity
麦水蝇,my_entity
甘蔗蓟马,my_entity
药用植物害虫蔷薇切叶蜂,my_entity
茶树茶尺蠖,my_entity
药用植物害虫网目拟地甲,my_entity
水稻稻简管蓟马,my_entity
药用植物人参斑枯病,my_entity
苎麻夜蛾,my_entity
粟(谷子)叶斑病,my_entity
牧草盲蝽,my_entity
烟草根结线虫病,my_entity
黍、稷(糜子)纹枯病,my_entity
绿豆炭疽病,my_entity
药用植物蕺菜白绢病,my_entity
茶树膏药病,my_entity
高粱干旱,my_entity
油菜根肿病,my_entity
东方蝼蛄,my_entity
水稻稻潜叶蝇,my_entity
马齿苋,my_entity
燕麦散黑穗病,my_entity
檀香煤病,my_entity
桑赤锈病,my_entity
药用植物板蓝根霜霉病,my_entity
花生芽枯病毒病,my_entity
药用植物裂叶牵牛白锈病,my_entity
二星蝽,my_entity
水稻稻田粘虫,my_entity
茶树折带黄毒蛾,my_entity
豆类豆天蛾,my_entity
药用菊花菌核病,my_entity
同型巴蜗牛,my_entity
油菜露尾甲,my_entity
药用植物山楂、野山楂白粉病,my_entity
茶树茶网蝽,my_entity
烟草马铃薯Y病毒病,my_entity
药用植物小茴香软腐病,my_entity
麻田绿盲蝽,my_entity
药用植物薄荷茎枯病,my_entity
药用植物害虫白星花金龟,my_entity
荩草,my_entity
药用植物害虫中华锯花天牛,my_entity
玉米灰葡萄孢穗腐病,my_entity
油菜菜蝽和云南菜蝽,my_entity
温室白粉虱,my_entity
药用植物小檗白粉病,my_entity
麻秆野螟,my_entity
甘蔗红粉蚧,my_entity
水稻小绿叶蝉,my_entity
豌豆芽枯病,my_entity
花生田茶黄硬蓟马,my_entity
茶树星天牛,my_entity
药用植物菊苣软腐病,my_entity
玉米全蚀病,my_entity
茶红根腐病,my_entity
药用植物害虫柳蝙蛾,my_entity
药用植物夹竹桃褐斑病,my_entity
?药用植物咖啡褐斑病,my_entity
向日葵桃蛀螟,my_entity
玉米黑病病,my_entity
药用植物枸杞根腐病,my_entity
桑树桑小灰象虫,my_entity
豆类豆叶螨,my_entity
水稻稻眼蝶,my_entity
高粱长粒黑稿病,my_entity
谷蠹,my_entity
茶树茶长卷叶蛾,my_entity
药用植物害虫紫薇绒蚧,my_entity
甘薯天蛾,my_entity
药用植物芡黑斑病,my_entity
小麦褐斑病,my_entity
二斑叶螨,my_entity
小麦散黑穗病,my_entity
画眉草,my_entity
桑树低温障碍,my_entity
药用植物害虫姜弄蝶,my_entity
药用植物鸡冠花(青葙子)叶斑病,my_entity
油菜新疆菜蝽,my_entity
野燕麦,my_entity
药用植物牛膝白锈病,my_entity
茶树茶丽绞象甲,my_entity
烟草烟田斜纹夜蛾,my_entity
烟草破烂叶斑病,my_entity
啤酒花霜霉病,my_entity
豌豆(BBWV)病毒病,my_entity
蓖麻夜蛾,my_entity
球穗扁莎草,my_entity
药用植物白术根腐病,my_entity
空心莲子草,my_entity
桑丝叶病毒病,my_entity
茶树红蜡阶,my_entity
药用植物害虫烟蓟马,my_entity
药用植物害虫花弄蝶,my_entity
茶树茶园咖啡木囊蛾,my_entity
茶树枝梢黑点病,my_entity
水稻大螟,my_entity
甜菜褐斑病,my_entity
药用植物害虫温室白粉虱,my_entity
水稻端大蓟马,my_entity
药用植物害虫亚洲玉米螟,my_entity
粟(谷子)胡府斑病,my_entity
花生普通花叶病,my_entity
药用植物丝瓜轮纹斑病,my_entity
粟(谷子)假黑斑病,my_entity
药用植物菊花白绢病,my_entity
药用植物害虫玉带凤蝶,my_entity
药用植物害虫朱砂叶螨,my_entity
药用植物害虫樗蚕蛾,my_entity
药用植物苦瓜白粉病,my_entity
苎麻赤蛱蝶,my_entity
农作物病虫的天敌,my_entity
茶树茶蓑蛾,my_entity
棉花缺素症,my_entity
麻灰巴蜗牛,my_entity
水稻云形病,my_entity
药用植物柿圆斑病,my_entity
小麦鸟害,my_entity
?药用植物芦苇(芦根)锈病,my_entity
芝麻田蚜虫,my_entity
水稻白绢病,my_entity
花生田棉铃虫,my_entity
甘蔗花叶病,my_entity
向日葵缺素症,my_entity
芝麻花叶病,my_entity
